{"cameraMode":{"drawMode":0,"name":"Shaded","section":"Shading Mode"},"sceneLighting":false,"audioPlay":false,"sceneViewState":{"showFog":true,"showMaterialUpdate":false,"showSkybox":true,"showFlares":true,"showImageEffects":true,"showParticleSystems":true},"in2DMode":false,"pivot":{"x":9.0,"y":0.8500000238418579,"z":-0.8100000023841858},"rotation":{"x":0.02956536039710045,"y":0.9704344272613525,"z":-0.1693902164697647,"w":0.16938146948814393},"size":3.283458709716797,"orthographic":false}